"","Role1","State","SoyH17","SoyH18","SoyH19","XtR17","XtR18","XtR19","PRE17","PRE18","PRE19","POST17","POST18","POST19"
"1","Farmer","Wisconsin",18,36,81,NA,NA,24.6913580246914,NA,NA,NA,NA,NA,NA
"2","Decision influencer","Wisconsin",1417,1417,1417,0,0,0,0,0,0,0,0,0
"3","Farmer","Wisconsin",81,101,91,24.6913580246914,19.8019801980198,NA,0,0,0,0,0,NA
"4","Farmer","Wisconsin",49,275,101,100,44,NA,12.2448979591837,0,80.1980198019802,0,17.8181818181818,100.21245039604
"5","Farmer","Wisconsin",891,1134,1012,0,0,0,0,0,0,0,0,0
"6","Farmer","Wisconsin",263,263,263,0,0,NA,0,0,0,0,0,0
"7","Farmer","Wisconsin",126,123,121,0,46.3414634146341,50.4132231404959,0,0,50.4132231404959,0,0,0
"8","Farmer","Wisconsin",0,0,0,NA,NA,NA,NA,NA,NA,NA,NA,NA
"9","Farmer","Wisconsin",132,121,132,0,0,0,0,0,0,NA,NA,NA
"10","Farmer","Wisconsin",8,0,0,0,NA,NA,0,NA,NA,0,NA,NA
"11","Farmer","Wisconsin",101,101,101,100,100,100,0,0,0,0,0,0
"12","Farmer","Wisconsin",NA,NA,NA,NA,NA,NA,NA,NA,NA,NA,NA,NA
"13","","Wisconsin",101,101,101,0,0,0,0,0,0,0,0,0
"14","Farmer","Wisconsin",49,0,0,0,NA,NA,0,NA,NA,0,NA,NA
"15","Decision influencer","Wisconsin",2024,2429,2429,0,2.51132153149444,3.33470564018114,0,0,0,0,0,0
"16","Farmer","Wisconsin",162,148,148,0,54.7297297297297,100,0,0,0,0,0,99.8468104054054
"17","Farmer","Wisconsin",121,121,121,0,100,100,0,100,NA,0,0,0
"18","Farmer","Wisconsin",575,587,577,0,10.3918228279387,70.1906412478336,0,0,0,0,4.08858603066439,70.1660831195841
"19","Farmer","Wisconsin",32,24,32,100,100,NA,59.375,0,0,59.375,0,NA
"20","Farmer","Wisconsin",51,51,NA,0,NA,NA,0,0,NA,0,0,NA
"21","Farmer","Wisconsin",16,8,8,0,100,100,0,100,NA,0,0,NA
"22","Farmer","Wisconsin",24,34,28,0,0,0,0,0,0,0,0,0
"23","Farmer","Wisconsin",71,81,81,0,0,0,0,0,0,0,0,0
"24","Farmer","Wisconsin",61,89,81,0,17.9775280898876,NA,0,0,0,0,0,NA
"25","Farmer","Wisconsin",283,283,162,0,100,100,0,0,0,0,0,0
"26","","Wisconsin",1,13,NA,NA,NA,NA,NA,NA,NA,NA,NA,NA
"27","Farmer","Wisconsin",657,749,607,0,0,33.2784184514003,0,0,33.2784184514003,0,0,33.349118583196
"28","Farmer","Wisconsin",142,142,142,0,16.9014084507042,16.9014084507042,0,0,0,0,0,0
"29","Farmer","Wisconsin",202,202,202,0,0,100,0,0,100,0,0,0
"30","Farmer","Wisconsin",36,34,34,0,0,0,0,0,0,0,0,0
"31","Decision influencer","Wisconsin",810,1012,1012,30,24.0118577075099,16.0079051383399,0,0,0,20,16.0079051383399,16.0023043280632
"32","Farmer","Wisconsin",233,202,243,0,0,0,0,0,0,0,0,0
"33","Farmer","Wisconsin",202,202,202,0,0,50,0,0,50,0,0,50.1062251980198
"34","Farmer","Wisconsin",34,38,NA,0,0,NA,NA,NA,NA,NA,NA,NA
"35","Decision influencer","Wisconsin",2024,2024,2024,0,1.58102766798419,0,0,0,0,0,0,0
"36","Farmer","Wisconsin",61,57,4,NA,NA,100,NA,NA,100,NA,NA,101.2145749
"37","Decision influencer","Wisconsin",NA,NA,NA,NA,NA,NA,NA,NA,NA,NA,NA,NA
"38","Farmer","Wisconsin",71,71,71,0,22.5352112676056,NA,0,0,0,0,0,NA
"39","Decision influencer","Wisconsin",81,111,101,0,14.4144144144144,100,NA,NA,100,NA,NA,40.0849801584158
"40","Farmer","Wisconsin",30,49,40,NA,NA,NA,NA,NA,NA,NA,NA,NA
"41","Farmer","Wisconsin",49,49,49,NA,NA,NA,0,0,NA,0,0,NA
"42","Farmer","Wisconsin",11,28,NA,0,100,NA,0,0,NA,0,0,NA
"43","Farmer","Wisconsin",45,67,65,NA,NA,NA,NA,NA,NA,NA,NA,NA
"44","Decision influencer","Wisconsin",1215,1619,1619,0,0,0,0,0,37.4922791846819,0,0,25.006689289685
"45","Decision influencer","Wisconsin",61,101,61,0,100,NA,0,100,0,65.5737704918033,39.6039603960396,66.3702130491803
"46","Decision influencer","Wisconsin",NA,NA,NA,NA,NA,NA,NA,NA,NA,NA,NA,NA
"47","Farmer","Wisconsin",162,190,NA,0,0,NA,0,0,NA,0,0,NA
"48","Farmer","Wisconsin",24,30,36,NA,NA,NA,NA,NA,NA,NA,NA,NA
"49","Farmer","Wisconsin",121,162,162,0,12.3456790123457,NA,0,0,0,0,0,NA
"50","Farmer","Wisconsin",223,243,243,0,0,NA,0,0,100,0,0,NA
"51","Farmer","Wisconsin",223,235,233,0,6.80851063829787,NA,0,0,0,0,0,0
"52","Farmer","Wisconsin",81,81,81,0,29.6296296296296,100,100,100,100,0,0,0
"53","Farmer","Wisconsin",32,47,40,0,0,50,0,0,0,0,0,50.60728745
"54","Farmer","Wisconsin",81,101,81,24.6913580246914,29.7029702970297,49.3827160493827,0,0,NA,0,0,0
"55","Decision influencer","Wisconsin",2024,2429,3036,0,41.6632358995471,80.0065876152833,0,8.31617949773569,13.3399209486166,0,8.31617949773569,20.0028804150198
"56","Decision influencer","Wisconsin",144,144,61,0,22.2222222222222,100,0,0,100,0,0,0
"57","Decision influencer","Wisconsin",6073,8097,10121,3.32619792524288,10.0037050759541,40.0059282679577,0,0,8.00316174291078,0,0,8.00036161644106
"58","Farmer","Wisconsin",146,105,121,66.4383561643836,100,100,0,0,0,0,0,100.378090826446
"59","Farmer","Wisconsin",59,83,61,0,0,26.2295081967213,0,0,0,0,0,0
"60","Farmer","Wisconsin",130,170,142,0,100,100,0,0,0,0,95.2941176470588,99.7890175352113
"61","Farmer","Wisconsin",142,202,162,0,30.1980198019802,100,0,0,0,0,30.1980198019802,62.478132654321
"62","Decision influencer","Wisconsin",283,20,20,0,0,0,0,0,0,0,0,0
"63","Decision influencer","Wisconsin",972,1174,1215,16.6666666666667,41.396933560477,60,2.46913580246914,3.83304940374787,6.66666666666667,6.68724279835391,17.5468483816014,33.3216707489712
"64","Decision influencer","Wisconsin",4049,4049,30364,10.0024697456162,30.0074092368486,26.6664471084179,10.0024697456162,30.0074092368486,26.6664471084179,10.0024697456162,20.0049394912324,26.6669937821104
"65","Decision influencer","Wisconsin",8097,9312,10121,0,0,0,0,0,0,0,0,0
"66","Decision influencer","Wisconsin",NA,101,101,NA,15.8415841584158,60.3960396039604,NA,0,0,NA,0,20.0424900792079
"67","Farmer","Wisconsin",223,263,223,0,46.0076045627376,0,0,0,0,0,3.04182509505703,0
"68","Farmer","Wisconsin",128,132,132,0,2.27272727272727,0,0,0,0,0,0,0
"69","Farmer","Wisconsin",162,81,81,0,100,100,0,0,0,0,0,99.9650122469136
"70","Farmer","Wisconsin",65,67,65,0,53.7313432835821,46.1538461538462,0,0,0,0,44.7761194029851,37.3715353538462
"71","Farmer","Wisconsin",1012,1012,1012,100,100,100,0,0,0,100,100,100.014402075099
"72","Farmer","Wisconsin",405,405,405,0,0,0,0,0,0,0,0,0
"73","Farmer","Wisconsin",243,304,304,0,21.3815789473684,53.2894736842105,0,13.1578947368421,39.8026315789474,0,0,33.2942680592105
"74","Decision influencer","Wisconsin",24291,24291,32389,0,0,0,0,0,0,0,0,0
"75","Decision influencer","Wisconsin",810,10121,1215,1.97530864197531,3.00365576524059,49.9588477366255,0,0,1.64609053497942,1.97530864197531,1.9958502124296,49.9825061234568
"76","Farmer","Wisconsin",65,75,49,0,21.3333333333333,100,0,0,0,0,10.6666666666667,99.1489713265306
"77","Farmer","Wisconsin",607,729,567,3.29489291598023,44.4444444444444,100,0,0,14.2857142857143,0,0,14.2807160352734
"78","Farmer","Wisconsin",202,202,202,0,50,100,0,0,50,0,0,50.1062251980198
"79","Farmer","Wisconsin",106,96,81,0,0,0,0,0,0,0,0,0
"80","Decision influencer","Wisconsin",NA,NA,NA,NA,NA,NA,NA,NA,NA,NA,NA,NA
"81","Farmer","Wisconsin",28,30,30,7.14285714285714,13.3333333333333,100,0,0,100,0,0,101.2145749
"82","Farmer","Wisconsin",1619,1417,1417,0,35.7092448835568,100,0,0,0,0,0,42.8572653069866
"83","Farmer","Wisconsin",223,192,202,22.8699551569507,25.5208333333333,24.2574257425743,0,0,0,22.8699551569507,23.4375,24.0509880940594
"84","Farmer","Wisconsin",243,526,324,13.1687242798354,88.5931558935361,100,0,0,25,13.1687242798354,88.5931558935361,99.9650122530864
"85","Farmer","Wisconsin",95,91,91,0,0,0,0,0,0,0,0,0
"86","Farmer","Wisconsin",300,271,81,0,0,0,0,0,0,0,0,0
"87","Farmer","Wisconsin",142,162,162,0,100,100,0,0,0,0,0,0
"88","Farmer","Wisconsin",121,121,121,0,0,0,0,0,0,0,0,0
"89","Farmer","Wisconsin",273,296,283,0,0,100,0,0,100,0,0,100.141628869258
"90","Farmer","Wisconsin",202,243,202,0,0,0,0,0,0,0,0,0
"91","Farmer","Wisconsin",377,389,385,0,0,52.4675324675325,0,0,0,0,0,0
"92","Farmer","Wisconsin",648,567,607,0,0,NA,0,0,0,0,0,NA
"93","Farmer","Wisconsin",340,259,340,0,0,35.5882352941176,0,0,0,0,0,35.7227911470588
"94","Decision influencer","Wisconsin",NA,162,NA,NA,100,NA,NA,0,NA,NA,30.2469135802469,NA
"95","Farmer","Wisconsin",1012,1215,1417,0,0,0,0,0,0,0,0,0
"96","Decision influencer","Wisconsin",40,61,61,0,0,0,0,0,0,0,0,0
"97","Farmer","Wisconsin",1012,976,607,0,41.4959016393443,100,0,3.07377049180328,100,0,3.07377049180328,105.91680062603
"98","Farmer","Wisconsin",32,38,49,0,0,0,0,0,0,0,0,0
"99","Farmer","Wisconsin",304,364,304,33.2236842105263,100,100,0,0,0,21.3815789473684,89.010989010989,99.8828041776316
"100","Farmer","Wisconsin",97,97,97,0,100,100,0,0,0,0,100,0
"101","Decision influencer","Wisconsin",2429,2429,2429,16.6735282009057,20.0082338410869,33.3470564018114,0,0,0,16.6735282009057,16.6735282009057,8.333847254014
"102","Farmer","Wisconsin",24,15,28,0,0,42.8571428571429,0,0,42.8571428571429,0,0,43.3776749642857
"103","Decision influencer","Wisconsin",8097,8097,8097,0,6.00222304557243,75.003087563295,0,0,0,0,6.00222304557243,75.0015375324194
"104","Farmer","Wisconsin",57,77,57,0,100,100,0,0,0,0,0,0
"105","Farmer","Wisconsin",34,33,32,0,100,NA,0,0,0,0,0,NA
"106","Farmer","Wisconsin",168,134,162,0,100,100,0,0,0,0,60.4477611940298,99.9650122222222
"107","Decision influencer","Wisconsin",2024,3239,4049,0,0,0,0,0,0,0,0,4.99948505309953
"108","Decision influencer","Wisconsin",11,0,61,0,NA,100,NA,NA,100,0,NA,99.5553195737705
"109","Decision influencer","Wisconsin",32,30,30,0,0,0,0,0,0,0,0,0
"110","Decision influencer","Wisconsin",8097,8097,10121,24.996912436705,50.0061751265901,40.0059282679577,5.00185253797703,10.0037050759541,40.0059282679577,12.4984562183525,37.4953686550574,30.001356061654
"111","Decision influencer","Wisconsin",2024,2429,3239,0,24.9897076986414,87.4961407841927,0,8.31617949773569,37.511577647422,0,12.5154384520379,81.2466485643717
"112","Farmer","Wisconsin",1053,1377,1215,0,0,0,0,0,0,0,0,0
"113","Farmer","Wisconsin",113,113,93,0,64.6017699115044,100,0,0,100,0,31.858407079646,0
"114","Decision influencer","Wisconsin",18219,20243,21053,11.109281519293,16.0005927975103,19.2324134327649,11.109281519293,16.0005927975103,19.2324134327649,5.55464075964652,7.99782640912908,11.5382596209566
"115","Decision influencer","Wisconsin",2024,3036,3846,0,3.98550724637681,26.3130525221009,0,0,0,0,3.98550724637681,26.3168421476859
"116","Farmer","Wisconsin",121,121,121,0,100,100,0,0,0,0,100,100.378090826446
"117","Decision influencer","Wisconsin",2429,2024,2024,3.33470564018114,9.9802371541502,9.9802371541502,0,0,0,0,0,0
"118","Decision influencer","Wisconsin",2834,3239,2024,17.1489061397318,49.9845631367706,100,0,25.0077184316147,100,0,18.7403519604816,1000.14402075099
"119","Farmer","Wisconsin",162,243,162,0,0,0,0,0,0,0,0,0
"120","Decision influencer","Wisconsin",8097,9312,9312,4.00148203038162,21.7353951890034,65.2169243986254,0,0,0,1.00037050759541,8.69845360824742,43.4770510738832
"121","Farmer","Wisconsin",304,304,304,0,0,0,0,0,0,0,0,0
"122","Farmer","Wisconsin",16,16,16,0,0,0,0,0,0,0,0,0
"123","Farmer","Wisconsin",30,53,53,0,0,100,0,0,0,0,0,99.3048659433962
"124","Farmer","Wisconsin",324,324,324,0,100,100,0,0,25,0,100,99.9650122530864
"125","Decision influencer","Wisconsin",1012,1417,1619,30.0395256916996,57.1630204657728,87.5231624459543,0,0,0,19.9604743083004,57.1630204657728,75.0200678814083
"126","Decision influencer","Wisconsin",2429,3644,3644,0,0,0,0,0,0,0,0,0
"127","Farmer","Wisconsin",83,86,75,19.2771084337349,89.5348837209302,100,0,0,0,19.2771084337349,0,99.86504724
"128","Decision influencer","Wisconsin",10121,10121,10121,0,47.9992095642723,60.0039521786385,0,4.00158087145539,60.0039521786385,0,4.00158087145539,60.002712123308
"129","Farmer","Wisconsin",324,324,324,0,0,0,0,0,0,0,0,0
"130","Decision influencer","Wisconsin",729,729,729,0,0,55.5555555555556,0,0,27.7091906721536,0,0,27.768058957476
"131","Farmer","Wisconsin",49,49,49,0,0,32.6530612244898,0,0,32.6530612244898,0,0,0
"132","Decision influencer","Wisconsin",1822,3563,10121,0,0,0,0,0,0,0,0,0
"133","Decision influencer","Wisconsin",2834,2024,2429,0,0,1.6467682173734,0,0,1.6467682173734,0,0,0
"134","Farmer","Wisconsin",6,9,9,0,100,100,0,0,55.5555555555556,0,0,0
"135","Decision influencer","Wisconsin",8,10,10,100,100,100,50,50,50,50,50,48.58299595
"136","Farmer","Wisconsin",81,172,142,0,70.3488372093023,100,0,18.6046511627907,100,0,0,99.7890175352113
"137","Farmer","Wisconsin",162,162,162,0,50,100,0,0,24.6913580246914,0,0,0
"138","Farmer","Wisconsin",202,215,182,0,11.1627906976744,0,0,0,0,0,0,0
"139","Farmer","Wisconsin",24,20,28,0,100,114.285714285714,0,60,114.285714285714,0,60,115.673799892857
"140","Farmer","Wisconsin",32,36,32,100,100,100,21.875,0,0,75,77.7777777777778,98.68421053125
"141","Farmer","Wisconsin",162,162,162,0,100,100,0,19.7530864197531,100,0,37.6543209876543,99.9650122222222
"142","Decision influencer","Wisconsin",2429,2429,2429,0,33.3470564018114,66.6529435981886,0,0,0,0,0,50.0030835323178
"143","Decision influencer","Wisconsin",6073,7287,6478,3.32619792524288,13.887745299849,62.5038592158073,0,1.38602991628928,3.11824637233714,0,2.77205983257856,31.2487109910466
"144","Decision influencer","Wisconsin",1012,1619,1619,0,0.494132180358246,37.4922791846819,0,0,10.0061766522545,0,0,25.006689289685
"145","Farmer","Wisconsin",405,405,405,40,69.8765432098765,100,0,0,100,0,9.87654320987654,19.9930024493827
"146","Decision influencer","Wisconsin",2429,2834,3239,0,21.4184897671136,100,0,0,0,0,0,24.9989687928373
"147","Decision influencer","Wisconsin",1822,2024,2024,0,0,0,0,0,0,0,0,0
"148","Decision influencer","Wisconsin",6073,6073,6073,1.66309896262144,20.006586530545,53.3344310884242,0,0,3.32619792524288,1.66309896262144,13.3377243536967,33.3326444590812
"149","Decision influencer","Wisconsin",4656,4858,4453,8.69845360824742,25.0102923013586,68.1787558949023,0,0,0,8.69845360824742,25.0102923013586,68.1885750505277
"150","Decision influencer","Wisconsin",NA,NA,NA,NA,NA,NA,NA,NA,NA,NA,NA,NA
"151","Farmer","Wisconsin",49,49,49,32.6530612244898,32.6530612244898,32.6530612244898,32.6530612244898,32.6530612244898,32.6530612244898,32.6530612244898,32.6530612244898,33.0496571020408
"152","Decision influencer","Nebraska",161.9,404.7,607,0,14.9987645169261,46.67215815486,0,0,46.67215815486,0,0,0
"153","Farmer","Nebraska",404.7,728.5,566.6,0,83.3218943033631,100,0,27.7693891557996,50,0,83.3218943033631,100
"154","Farmer","Nebraska",202.3,0,202.3,0,NA,NA,0,NA,NA,0,NA,NA
"155","Decision influencer","Nebraska",404.7,404.7,404.7,80.0098838645911,80.0098838645911,80.0098838645911,80.0098838645911,80.0098838645911,80.0098838645911,80.0098838645911,80.0098838645911,80.0098838645911
"156","Farmer","Nebraska",121.4,121.4,121.4,100,100,100,0,0,0,0,0,0
"157","Decision influencer","Nebraska",6070.4,7284.5,8093.9,100,88.8887363580205,100,53.3342119135477,50.000686388908,100,53.3342119135477,50.000686388908,49.9993822508309
"158","Decision influencer","Nebraska",1214.1,1214.1,1618.8,83.3292150564204,100,100,66.6666666666667,100,100,66.6666666666667,100,100
"159","Farmer","Nebraska",54.6,72.8,54.6,0,0,0,0,0,0,0,0,0
"160","Decision influencer","Nebraska",6070.4,4856.3,4046.9,33.3338824459673,100,100,16.6661175540327,100,100,33.3338824459673,100,100
"161","Farmer","Nebraska",526.1,728.5,607,3.07926249762403,38.8881262868909,100,0,0,0,3.07926249762403,38.8881262868909,100
"162","Farmer","Nebraska",404.7,485.6,526.1,6.00444773906598,100,100,0,NA,NA,0,100,100
"163","Farmer","Nebraska",323.8,344,344,0,100,100,0,29.4186046511628,100,0,47.0639534883721,100
"164","Farmer","Nebraska",283.3,303.5,242.8,100,100,100,0,0,0,100,100,100
"165","Farmer","Nebraska",505.9,505.9,505.9,100,100,NA,0,0,NA,0,0,NA
"166","Farmer","Nebraska",404.7,445.2,404.7,19.9901161354089,89.9820305480683,100,0,0,49.9876451692612,0,0,49.9876451692612
"167","Farmer","Nebraska",121.4,161.9,202.3,0,0,0,0,0,0,0,0,0
"168","Farmer","Nebraska",80.9,80.9,80.9,NA,NA,0,NA,NA,0,NA,NA,0
"169","Farmer","Nebraska",283.3,303.5,NA,100,100,NA,100,0,NA,100,0,NA
"170","Farmer","Nebraska",202.3,161.9,202.3,0,0,0,0,0,0,0,0,0
"171","Decision influencer","Nebraska",161.9,161.9,161.9,25.0154416306362,74.9845583693638,100,0,0,NA,0,0,NA
"172","Farmer","Nebraska",202.3,202.3,202.3,0,69.9950568462679,100,0,0,100,0,0,100
"173","Farmer","Nebraska",404.7,404.7,404.7,0,0,49.9876451692612,0,0,0,0,0,0
"174","Decision influencer","Nebraska",52.6,20.2,80.9,1.52091254752852,100,100,0,0,100,0,100,100
"175","Decision influencer","Nebraska",8093.9,8093.9,8093.9,10.0001235498338,10.0001235498338,10.0001235498338,0,5.00006177491691,25.0003088745846,10.0001235498338,0,0
"176","Farmer","Nebraska",NA,NA,NA,NA,NA,NA,NA,NA,NA,NA,NA,NA
"177","Farmer","Nebraska",141.6,141.6,141.6,27.1186440677966,28.6016949152542,0,0,0,14.2655367231638,0,18.5734463276836,22.8813559322034
"178","Farmer","Nebraska",60.7,85,60.7,0,0,0,0,0,0,0,0,0
"179","Farmer","Nebraska",48.6,48.6,40.5,0,0,29.8765432098765,0,0,NA,0,0,NA
"180","Farmer","Nebraska",85,76.9,80.9,0,0,0,0,0,0,0,0,0
"181","Farmer","Nebraska",2023.5,2023.5,2023.5,0,25.0012354830739,40,0,25.0012354830739,40,0,5.00123548307388,20
"182","Farmer","Nebraska",NA,323.8,242.8,NA,31.2538604076591,NA,NA,0,NA,NA,0,NA
"183","Farmer","Nebraska",445.2,485.6,809.4,0,0,0,0,0,0,0,0,0
"184","Farmer","Nebraska",121.4,137.6,89,0,0,0,0,0,0,0,0,0
"185","Farmer","Nebraska",15.4,14.6,15.4,0,0,0,NA,NA,NA,0,0,0
"186","Farmer","Nebraska",161.9,161.9,161.9,0,0,0,0,0,0,0,0,0
"187","Decision influencer","Nebraska",6070.4,8093.9,11331.4,83.3338824459673,89.9998764501662,89.2864076813103,33.3338824459673,40.0004941993353,35.7140335704326,66.6661175540327,69.9996293504985,80.3572374110878
"188","Farmer","Nebraska",161.9,182.1,182.1,10.0061766522545,100,100,0,100,100,0,100,100
"189","Decision influencer","Nebraska",8093.9,8093.9,NA,5.00006177491691,25.0003088745846,NA,2.49941313828933,20.0002470996677,NA,2.49941313828933,NA,NA
"190","Farmer","Nebraska",8093.9,8093.9,10117.4,25.0003088745846,74.9996911254154,79.9998023207543,7.49947491320624,40.0004941993353,47.9994860339613,10.0001235498338,20.0002470996677,59.9996046415087
"191","Farmer","Nebraska",809.4,809.4,0,0,0,NA,0,0,NA,0,0,NA
"192","Farmer","Nebraska",74.9,74.9,74.9,0,0,0,0,0,0,0,0,0
"193","Farmer","Nebraska",9.7,10.1,6.5,0,0,0,0,0,0,0,0,0
"194","Farmer","Nebraska",161.9,161.9,161.9,NA,NA,NA,0,0,0,0,0,0
"195","Farmer","Nebraska",161.9,161.9,161.9,0,25.0154416306362,NA,0,0,NA,0,0,NA
"196","Decision influencer","Nebraska",6070.4,6879.8,8093.9,13.3335529783869,76.470246228088,94.9999382250831,3.33256457564576,53.5291723596616,76.0004447794018,0.667171850289932,26.7653129451438,47.4999691125415
"197","Farmer","Nebraska",161.9,161.9,161.9,20.012353304509,30.0185299567634,100,0,0,100,20.012353304509,30.0185299567634,100
"198","Farmer","Nebraska",52.6,42.5,28.3,0,0,100,0,0,100,0,0,100
"199","Farmer","Nebraska",129.5,133.5,129.5,100,100,100,100,100,100,100,40.8988764044944,NA
"200","Farmer","Nebraska",182.1,242.8,182.1,0,83.3196046128501,100,0,13.3443163097199,8.89621087314662,0,0,0
"201","Farmer","Nebraska",26.3,26.3,26.3,NA,NA,NA,NA,NA,NA,NA,NA,NA
"202","","Nebraska",131.5,151.8,192.2,55.361216730038,32.0158102766798,42.0915712799168,0,0,0,0,0,0
"203","Farmer","Nebraska",1618.8,1618.8,1618.8,0,25,50,NA,12.4969112923153,50,0,10.0012354830739,50
"204","Farmer","Nebraska",91.1,91.1,91.1,0,0,0,0,0,0,0,0,0
"205","Farmer","Nebraska",105.2,105.2,93.1,0,0,0,0,0,0,0,0,0
"206","Farmer","Nebraska",202.3,202.3,202.3,16.0158180919427,100,100,0,32.0316361838853,32.0316361838853,0,0,0
"207","Farmer","Nebraska",404.7,404.7,404.7,0,100,100,0,16.0118606375093,16.0118606375093,0,0,0
"208","Farmer","Nebraska",505.9,505.9,505.9,0,0,NA,0,0,NA,0,0,NA
"209","Farmer","Nebraska",182.1,182.1,161.9,39.9780340472268,62.2185612300934,74.9845583693638,0,0,0,0,0,0
"210","Farmer","Nebraska",809.4,809.4,809.4,100,100,100,50,50,50,100,100,100
"211","Decision influencer","Nebraska",8093.9,4046.9,10117.4,5.00006177491691,50.001235513603,59.9996046415087,0,50.001235513603,59.9996046415087,0,4.9988880377573,20.0001976792457
"212","Decision influencer","Nebraska",2428.2,2428.2,2428.2,0,100,100,0,0,0,0,0,0
"213","Farmer","Nebraska",202.3,202.3,202.3,0,100,100,0,0,NA,0,0,NA
"214","Farmer","Nebraska",323.8,323.8,323.8,50,74.9845583693638,100,0,0,0,0,0,0
"215","Farmer","Nebraska",384.5,259,364.2,21.0403120936281,100,100,0,98.4555984555985,100,0,0,0
"216","Farmer","Nebraska",202.3,161.9,202.3,20.0197726149283,74.9845583693638,NA,20.0197726149283,74.9845583693638,NA,NA,25.0154416306362,100
"217","Decision influencer","Nebraska",8093.9,8498.6,8093.9,10.0001235498338,23.8098039677123,35.0004324244184,5.00006177491691,11.9043136516603,20.0002470996677,10.0001235498338,23.8098039677123,30.0003706495015
"218","Decision influencer","Nebraska",8.1,20.2,NA,49.3827160493827,70.2970297029703,NA,24.6913580246914,34.1584158415842,NA,49.3827160493827,70.2970297029703,NA
"219","Farmer","Nebraska",0,20.2,20.2,NA,100,100,NA,0,NA,NA,0,NA
"220","Farmer","Nebraska",NA,66.8,NA,NA,0,NA,NA,0,NA,NA,0,NA
"221","Farmer","Nebraska",242.8,202.3,NA,100,100,NA,50,100,NA,0,0,NA
"222","Farmer","Nebraska",80.9,80.9,80.9,20.0247218788628,100,100,0,0,50.061804697157,0,60.0741656365884,50.061804697157
"223","Farmer","Nebraska",101.2,182.1,202.3,0,44.4261394838001,50.0247157686604,0,0,50.0247157686604,0,0,9.98517053880376
"224","Decision influencer","Nebraska",445.2,445.2,445.2,100,100,100,NA,100,100,NA,100,100
"225","Farmer","Nebraska",202.3,202.3,202.3,32.0316361838853,100,100,0,16.0158180919427,0,32.0316361838853,47.9980227385072,100
"226","Farmer","Nebraska",202.3,202.3,202.3,0,0,0,0,0,0,0,0,0
"227","Farmer","Nebraska",161.9,161.9,161.9,0,0,NA,0,0,NA,0,0,NA
"228","Farmer","Nebraska",101.2,72.8,48.6,0,0,0,0,0,0,0,0,0
"229","Farmer","Nebraska",1011.7,1011.7,1011.7,0,40.0019768706138,59.9980231293862,0,0,40.0019768706138,0,40.0019768706138,19.9960462587724
"230","Farmer","Nebraska",80.9,93.1,80.9,100,86.8958109559613,100,0,0,0,0,0,0
"231","Farmer","Nebraska",202.3,202.3,202.3,0,0,NA,0,0,NA,0,0,NA
"232","Farmer","Nebraska",74.9,62.7,74.9,0,25.8373205741627,NA,0,0,0,0,0,NA
"233","Farmer","Nebraska",64.8,121.4,97.1,NA,66.6392092257002,NA,NA,66.6392092257002,NA,0,0,0
"234","Farmer","Nebraska",267.1,178.1,267.1,100,100,100,100,100,100,0,0,NA
"235","Farmer","Nebraska",445.2,404.7,NA,NA,100,NA,NA,89.9925871015567,NA,NA,NA,NA
"236","Farmer","Nebraska",NA,NA,NA,NA,NA,NA,NA,NA,NA,NA,NA,NA
"237","Farmer","Nebraska",404.7,404.7,404.7,100,100,100,0,100,100,0,0,100
"238","Farmer","Nebraska",505.9,505.9,505.9,100,100,100,100,100,100,55.9992093299071,79.9960466495355,100
"239","Farmer","Nebraska",303.5,303.5,303.5,40,100,100,40,66.6556836902801,100,0,66.6556836902801,100
"240","Farmer","Nebraska",3237.6,3237.6,4046.9,75,100,100,25,75,90.0022239244854,12.5,25,NA
"241","Farmer","Nebraska",60.7,60.7,60.7,NA,100,100,NA,0,0,NA,0,0
"242","Decision influencer","Nebraska",0,0,0,NA,NA,NA,NA,NA,NA,NA,NA,NA
"243","Farmer","Nebraska",202.3,404.7,404.7,0,0,100,0,0,100,0,0,0
"244","Farmer","Nebraska",101.2,101.2,101.2,0,0,0,0,0,0,0,0,0
"245","Farmer","Nebraska",121.4,121.4,121.4,0,0,0,0,0,0,0,0,0
"246","Farmer","Nebraska",80.9,80.9,80.9,0,0,0,0,0,0,0,0,0
"247","Decision influencer","Nebraska",10117.4,10117.4,10117.4,4.00003953584913,20.0001976792457,39.999406962263,4.00003953584913,20.0001976792457,39.999406962263,0,8.00007907169826,20.0001976792457
"248","Decision influencer","Nebraska",4046.9,4046.9,4046.9,4.9988880377573,14.9991351404779,24.9993822431985,4.9988880377573,1.00076601843386,NA,4.9988880377573,10.0002471027206,NA
"249","Decision influencer","Nebraska",0,0,NA,NA,NA,NA,NA,NA,NA,NA,NA,NA
"250","Farmer","Nebraska",32.4,26.3,32.4,NA,NA,NA,NA,NA,NA,NA,NA,NA
"251","Farmer","Nebraska",121.4,101.2,121.4,0,0,0,0,0,0,0,0,0
"252","Farmer","Nebraska",40.5,40.5,NA,NA,100,NA,NA,NA,NA,NA,100,NA
"253","Farmer","Nebraska",101.2,101.2,101.2,0,0,NA,0,0,NA,0,0,NA
"254","Farmer","Nebraska",161.9,161.9,202.3,NA,100,100,NA,NA,NA,NA,100,100
"255","Farmer","Nebraska",121.4,121.4,121.4,0,0,NA,0,0,NA,0,0,NA
"256","Farmer","Nebraska",141.6,141.6,141.6,NA,NA,NA,NA,NA,NA,NA,NA,NA
"257","","Nebraska",121.4,101.2,101.2,0,100,NA,0,100,NA,0,0,0
"258","Farmer","Nebraska",0,0,NA,NA,NA,NA,NA,NA,NA,NA,NA,NA
"259","Decision influencer","Nebraska",12140.8,12140.8,12140.8,0,0.999934106483922,50,NA,0,33.3330587770163,NA,6.66677648919346,33.3330587770163
"260","Decision influencer","Nebraska",NA,NA,404.7,NA,NA,100,NA,NA,NA,NA,NA,NA
"261","Farmer","Nebraska",133.5,133.5,129.5,0,0,0,0,0,0,0,0,0
"262","Farmer","Nebraska",60.7,72.8,32.4,0,0,NA,0,0,0,0,0,0
"263","Farmer","Nebraska",283.3,323.8,202.3,0,0,0,0,0,0,0,0,0
"264","Farmer","Nebraska",172,182.1,161.9,0,5.54640307523339,100,0,3.78912685337727,100,0,0,0
"265","Decision influencer","Nebraska",NA,NA,NA,NA,NA,NA,NA,NA,NA,NA,NA,NA
"266","Farmer","Nebraska",1537.8,1456.9,NA,0,7.77678632713295,NA,0,0,NA,0,0,NA
"267","Farmer","Nebraska",202.3,311.6,323.8,0,0,0,0,0,0,0,0,0
"268","Decision influencer","Nebraska",12140.8,16187.8,20234.7,13.3335529783869,79.9997529003324,100,0,24.9996911254154,40.0000988401113,10.0001647337902,12.5001544372923,19.9998023197774
"269","Farmer","Nebraska",101.2,121.4,NA,100,50,NA,0,0,NA,100,0,NA
"270","Farmer","Nebraska",109.3,109.3,109.3,0,100,100,0,100,100,0,0,0
"271","Farmer","Nebraska",182.1,202.3,182.1,0,0,0,0,0,0,0,0,0
"272","Farmer","Nebraska",7284.5,7284.5,7284.5,2.77712952158693,5.55563182098977,NA,NA,NA,NA,NA,NA,NA
"273","Farmer","Nebraska",121.4,121.4,NA,0,0,NA,0,0,NA,0,0,NA
"274","Farmer","Nebraska",40.5,40.5,48.6,NA,49.8765432098765,NA,0,0,0,0,0,16.6666666666667
"275","Farmer","Nebraska",101.2,12.1,40.5,0,0,NA,0,0,NA,0,0,NA
"276","Farmer","Nebraska",485.6,485.6,485.6,0,0,100,0,0,100,0,0,100
"277","Farmer","Nebraska",80.9,121.4,101.2,0,83.3607907742998,100,0,0,0,0,0,100
"278","Farmer","Nebraska",137.6,89,89,0,100,100,0,0,0,0,100,100
"279","Decision influencer","Nebraska",NA,NA,NA,NA,NA,NA,NA,NA,NA,NA,NA,NA
"280","Decision influencer","Nebraska",1295,1537.8,1416.4,15.6216216216216,89.4784757445702,97.1476983902852,0,0,57.1448743292855,15.6216216216216,89.4784757445702,97.1476983902852
"281","Farmer","Nebraska",64.8,64.8,64.8,0,0,0,0,0,0,0,0,0
"282","Farmer","Nebraska",0,151.8,161.9,NA,100,100,NA,0,0,NA,100,100
"283","Farmer","Nebraska",283.3,283.3,283.3,85.7042004941758,100,100,0,0,100,85.7042004941758,100,100
"284","Farmer","Nebraska",242.8,242.8,242.8,0,0,100,0,0,50,0,0,50
"285","Farmer","Nebraska",46.5,32.4,NA,0,100,NA,0,100,NA,0,100,NA
"286","Decision influencer","Nebraska",1011.7,1011.7,1011.7,0,59.9980231293862,59.9980231293862,0,59.9980231293862,59.9980231293862,0,59.9980231293862,59.9980231293862
"287","Farmer","Nebraska",404.7,424.9,384.5,49.9876451692612,100,100,49.9876451692612,100,100,49.9876451692612,100,100
"288","Farmer","Nebraska",364.2,485.6,404.7,100,100,100,0,0,0,100,100,100
"289","Farmer","Nebraska",202.3,242.8,242.8,8.00790904597133,33.3196046128501,100,0,13.3443163097199,50,0,33.3196046128501,100
"290","Farmer","Nebraska",242.8,242.8,242.8,0,100,100,0,0,100,0,0,0
"291","Farmer","Nebraska",146.1,187.4,207.6,0,100,100,0,0,100,0,0,100
"292","Decision influencer","Nebraska",2428.2,2832.9,2832.9,33.3333333333333,71.4285714285714,92.855377881323,0,0,0,33.3333333333333,64.2839493098945,92.855377881323
"293","Farmer","Nebraska",62.7,30.4,30.4,0,100,100,0,0,100,0,0,0
"294","Farmer","Nebraska",97.1,129.5,121.4,0,0,NA,0,0,NA,0,0,NA
"295","Farmer","Nebraska",485.6,647.5,647.5,0,0,0,0,0,100,0,0,NA
"296","Farmer","Nebraska",210.4,161.9,182.1,0,100,100,0,100,100,0,0,0
"297","Farmer","Nebraska",404.7,364.2,202.3,0,50,NA,0,8.89621087314662,NA,0,0,NA
"298","Decision influencer","Nebraska",809.4,809.4,809.4,0,9.99505806770447,50,0,9.99505806770447,24.9938225846306,0,0,24.9938225846306
"299","Decision influencer","Nebraska",NA,NA,NA,NA,NA,NA,NA,NA,NA,NA,NA,NA
"300","Decision influencer","Nebraska",NA,NA,NA,NA,NA,NA,NA,NA,NA,NA,NA,NA
"301","Farmer","Nebraska",121.4,109.3,121.4,0,0,0,0,0,0,0,0,0
"302","Farmer","Nebraska",323.8,323.8,323.8,0,100,100,0,0,100,0,0,100
"303","Farmer","Nebraska",485.6,121.4,NA,0,100,NA,0,0,NA,0,0,NA
"304","Farmer","Nebraska",42.5,42.5,NA,0,0,NA,0,0,NA,NA,NA,NA
"305","Farmer","Nebraska",242.8,303.5,263.1,0,46.6556836902801,100,0,0,0,0,46.6556836902801,100
"306","Farmer","Nebraska",26.3,17.8,26.3,NA,NA,NA,NA,NA,NA,NA,NA,NA
"307","Farmer","Nebraska",364.2,445.2,404.7,0,0,100,0,0,NA,0,0,NA
"308","Farmer","Nebraska",242.8,242.8,242.8,0,0,0,0,13.3443163097199,0,0,0,0
"309","Farmer","Nebraska",364.2,323.8,323.8,0,43.7306979617047,100,0,0,0,0,0,100
"310","Farmer","Nebraska",364.2,303.5,303.5,0,NA,NA,NA,46.6556836902801,100,0,0,100
"311","Decision influencer","Nebraska",2023.5,2428.2,1618.8,20,41.6646075282102,87.4969112923153,3.99802322708179,16.6666666666667,65.6226834692365,20,83.3333333333333,NA
"312","Decision influencer","Nebraska",5261,5261,5261,20,65.384907812203,92.3075460938985,7.6924539061015,46.154723436609,65.384907812203,7.6924539061015,46.154723436609,76.9226382816955
"313","Farmer","Nebraska",182.1,18.2,182.1,0,778.021978021978,NA,0,0,NA,0,0,NA
"314","Farmer","Nebraska",202.3,242.8,242.8,0,100,100,0,0,0,0,0,33.3196046128501
"315","Farmer","Nebraska",89,89,89,34.1573033707865,100,100,0,38.6516853932584,0,34.1573033707865,0,100
"316","Farmer","Nebraska",121.4,121.4,121.4,50,83.3607907742998,NA,0,0,NA,50,83.3607907742998,NA
"317","Farmer","Nebraska",141.6,145.7,141.6,0,0,0,0,0,0,0,0,0
"318","Farmer","Nebraska",202.3,202.3,202.3,20.0197726149283,50.0247157686604,100,NA,80.0296589223925,NA,NA,NA,100
"319","","Nebraska",80.9,80.9,80.9,0,0,100,0,0,0,0,0,0
"320","","Nebraska",161.9,161.9,161.9,0,49.9691167387276,49.9691167387276,0,0,0,0,0,0
"321","Farmer","Nebraska",485.6,485.6,404.7,83.340197693575,83.340197693575,100,0,0,0,0,12.5,0
"322","Farmer","Nebraska",809.4,809.4,809.4,0,50,0,0,50,0,0,50,0
"323","Decision influencer","Nebraska",4046.9,NA,NA,NA,NA,NA,NA,NA,NA,NA,NA,NA
"324","Decision influencer","Nebraska",40.5,40.5,40.5,0,100,NA,0,0,0,0,100,100
"325","Decision influencer","Nebraska",4856.3,4856.3,4856.3,6.66762761773367,83.3329901365237,100,0,0,0,6.66762761773367,83.3329901365237,100
"326","Decision influencer","Nebraska",NA,NA,NA,NA,NA,NA,NA,NA,NA,NA,NA,NA
"327","Farmer","Nebraska",80.9,101.2,80.9,0,100,100,0,0,100,0,100,100
"328","Farmer","Nebraska",445.2,445.2,445.2,100,100,100,0,100,100,0,100,100
"329","Farmer","Nebraska",194.3,NA,NA,0,NA,NA,0,NA,NA,0,NA,NA
"330","Farmer","Nebraska",206.4,190.2,202.3,0,100,100,0,100,100,0,100,100
"331","Farmer","Nebraska",809.4,1011.7,1011.7,8.00593031875463,32.0055352377187,59.9980231293862,NA,NA,NA,8.00593031875463,23.9992092517545,59.9980231293862
"332","Decision influencer","Nebraska",2023.5,2023.5,2023.5,40,60,80,0,3.99802322708179,NA,29.9975290338522,40,49.9975290338522
"333","Farmer","Nebraska",125.5,32.4,32.4,NA,NA,NA,NA,NA,NA,NA,NA,NA
"334","Farmer","Nebraska",0,0,0,NA,NA,NA,NA,NA,NA,NA,NA,NA
"335","Farmer","Nebraska",364.2,323.8,NA,0,50,NA,0,50,NA,NA,24.9845583693638,NA
"336","Farmer","Nebraska",161.9,149.7,NA,0,0,NA,0,0,NA,0,0,NA
"337","Farmer","Nebraska",141.6,161.9,161.9,0,59.9752933909821,NA,0,0,NA,0,59.9752933909821,NA
"338","Farmer","Nebraska",303.5,303.5,303.5,0,40,100,0,40,100,0,40,100
"339","Decision influencer","Nebraska",60.7,60.7,NA,0,53.3772652388797,NA,0,0,NA,0,0,NA
"340","Farmer","Nebraska",121.4,121.4,121.4,0,0,0,0,0,0,0,0,0
"341","Farmer","Nebraska",728.5,1011.7,NA,NA,NA,NA,NA,0,NA,0,100,NA
"342","Farmer","Nebraska",0,93.1,52.6,NA,0,0,NA,0,0,NA,0,0
"343","Farmer","Nebraska",0,20.2,NA,NA,100,NA,NA,0,NA,NA,100,NA
"344","Farmer","Nebraska",121.4,121.4,121.4,0,50,NA,0,50,NA,0,16.6392092257002,NA
"345","Farmer","Nebraska",101.2,80.9,101.2,0,100,100,0,0,0,0,100,100
"346","Farmer","Nebraska",222.6,283.3,344,58.1761006289308,11.4366396046594,NA,0,0,0,58.1761006289308,11.4366396046594,NA
"347","Farmer","Nebraska",60.7,72.8,89,0,100,100,NA,100,100,NA,100,100
"348","Decision influencer","Nebraska",2428.2,2428.2,3237.6,8.33127419487686,83.3333333333333,87.5,3.33168602256816,50,75,8.33127419487686,100,87.5
"349","Farmer","Nebraska",32.4,56.7,NA,0,100,NA,NA,100,NA,NA,100,NA
"350","Farmer","Nebraska",64.8,64.8,161.9,0,100,100,0,0,0,0,100,100
"351","Farmer","Nebraska",303.5,NA,NA,0,NA,NA,NA,NA,NA,NA,NA,NA
"352","Farmer","Nebraska",101.2,80.9,NA,0,17.5525339925834,NA,0,17.5525339925834,NA,NA,17.5525339925834,NA
"353","Decision influencer","Nebraska",NA,NA,NA,NA,NA,NA,NA,NA,NA,NA,NA,NA
"354","Farmer","Nebraska",728.5,748.7,809.4,22.2237474262183,32.429544543876,40.0049419322955,38.8881262868909,48.6443168158141,50,38.8881262868909,48.6443168158141,50
"355","Farmer","Nebraska",60.7,60.7,60.7,100,100,100,NA,NA,NA,NA,NA,NA
"356","","Nebraska",65.6,25.1,NA,100,100,NA,NA,NA,NA,NA,NA,NA
"357","","Nebraska",65.6,25.1,NA,100,100,NA,NA,NA,NA,NA,NA,NA
"358","Farmer","Nebraska",20.2,20.2,20.2,100,100,NA,0,0,0,100,100,NA
"359","Farmer","Nebraska",0,0,NA,NA,NA,NA,NA,NA,NA,NA,NA,NA
"360","Farmer","Nebraska",242.8,291.4,263.1,16.6803953871499,69.423472889499,46.1421512732801,0,0,0,16.6803953871499,58.3390528483185,46.1421512732801
"361","Farmer","Nebraska",242.8,303.5,303.5,0,100,100,0,0,0,13.3443163097199,66.6556836902801,66.6556836902801
"362","Farmer","Nebraska",202.3,202.3,202.3,0,100,100,0,100,100,0,100,100
"363","Farmer","Nebraska",101.2,101.2,101.2,0,100,100,NA,0,0,NA,100,100
"364","Farmer","Nebraska",NA,NA,NA,NA,NA,NA,NA,NA,NA,NA,NA,NA
"365","Farmer","Nebraska",445.2,445.2,445.2,63.6343216531896,100,100,0,0,0,63.6343216531896,100,100
"366","Farmer","Nebraska",688,728.5,688,0,100,100,0,27.7693891557996,58.8226744186046,0,27.7693891557996,47.0639534883721
"367","Farmer","Nebraska",80.9,80.9,80.9,0,0,0,0,0,0,0,0,0
"368","Farmer","Nebraska",101.2,89,89,0,100,NA,0,0,0,0,0,NA
"369","Farmer","Nebraska",161.9,161.9,161.9,100,100,100,100,100,100,NA,NA,NA
"370","Farmer","Nebraska",64.8,64.8,0,0,0,NA,0,0,NA,0,0,NA
"371","Farmer","Nebraska",121.4,121.4,121.4,0,16.6392092257002,NA,0,0,0,0,0,0
"372","Farmer","Nebraska",364.2,445.2,364.2,0,72.7313566936209,NA,0,0,0,NA,72.7313566936209,NA
"373","Farmer","Nebraska",161.9,182.1,48.6,0,0,NA,0,0,0,0,0,NA
"374","Farmer","Nebraska",121.4,121.4,121.4,0,6.67215815485997,6.67215815485997,0,6.67215815485997,6.67215815485997,0,6.67215815485997,6.67215815485997
"375","Farmer","Nebraska",64.8,64.8,64.8,0,0,NA,0,0,0,0,0,NA
"376","Farmer","Nebraska",121.4,121.4,121.4,0,0,0,0,0,0,0,0,0
"377","Farmer","Nebraska",80.9,80.9,NA,NA,NA,NA,NA,NA,NA,NA,NA,NA
"378","Farmer","Nebraska",161.9,222.6,202.3,25.0154416306362,86.3432165318958,100,0,0,0,25.0154416306362,86.3432165318958,100
"379","Farmer","Nebraska",121.4,121.4,121.4,26.6886326194399,100,100,26.6886326194399,100,100,26.6886326194399,100,100
"380","Farmer","Nebraska",161.9,250.9,250.9,0,0,0,0,0,0,0,0,0
"381","Farmer","Nebraska",64.8,91.1,91.1,0,0,NA,0,0,0,0,0,NA
"382","Farmer","Nebraska",161.9,161.9,161.9,0,100,100,0,0,0,0,100,100
"383","Farmer","Nebraska",809.4,890.3,708.2,0,100,100,0,36.3697630012355,100,0,34.0896327080759,42.8551256707145
"384","Decision influencer","Nebraska",1618.8,1618.8,1618.8,0,85.0012354830739,85.0012354830739,0,0,37.4969112923153,0,79.9975290338522,75
"385","Decision influencer","Nebraska",121.4,404.7,202.3,0,100,100,0,100,100,0,100,100
"386","Decision influencer","Nebraska",NA,NA,NA,NA,NA,NA,NA,NA,NA,NA,NA,NA
"387","Decision influencer","Nebraska",28328.6,28328.6,28328.6,7.14295800004236,85.7144370000636,100,35.7144370000635,57.1429580000424,71.4285209999788,5.71436640003389,82.8572538000466,97.1428167999831
"388","Farmer","Nebraska",607,607,404.7,0,46.67215815486,100,0,0,0,0,46.67215815486,100
"389","Decision influencer","Nebraska",8093.9,8093.9,8093.9,64.9995675755816,89.9998764501662,89.9998764501662,10.0001235498338,59.9995058006647,69.9996293504985,64.9995675755816,89.9998764501662,89.9998764501662
"390","Farmer","Nebraska",242.8,137.6,242.8,0,100,100,0,0,100,0,14.6802325581395,100
"391","Farmer","Nebraska",111.3,121.4,113.3,0,100,100,0,100,0,0,100,100
"392","Farmer","Nebraska",75.3,30.8,44.5,0,0,131.910112359551,0,0,0,0,0,131.910112359551
"393","Farmer","Nebraska",364.2,323.8,303.5,0,100,100,100,100,100,0,100,100
"394","Farmer","Nebraska",202.3,202.3,263.1,32.0316361838853,100,100,NA,NA,NA,32.0316361838853,100,100
"395","Farmer","Nebraska",323.8,323.8,323.8,0,0,100,0,0,100,0,0,100
"396","Farmer","Nebraska",809.4,1011.7,607,24.9938225846306,100,100,0,0,0,0,100,100
"397","Farmer","Nebraska",60.7,60.7,60.7,0,0,0,0,0,0,0,0,0
"398","Decision influencer","Nebraska",2023.5,2428.2,1618.8,20,41.6646075282102,100,0,8.33127419487686,100,9.99752903385224,16.6666666666667,100
"399","Farmer","Nebraska",131.5,244.8,121.4,0,0,100,0,0,0,0,0,100
"400","Decision influencer","Nebraska",2023.5,2023.5,2023.5,9.99752903385224,80,95.9970348406227,0,0,0,9.99752903385224,69.9975290338522,95.9970348406227
"401","Farmer","Nebraska",647.5,566.6,647.5,15.6293436293436,50,100,0,0,0,0,0,0
"402","Decision influencer","Nebraska",2023.5,2225.8,2428.2,29.9975290338522,54.5466798454488,66.6666666666667,0,0,0,14.0004941932296,27.2710935394016,50
"403","Farmer","Nebraska",62.3,83,94.3,100,100,100,100,100,100,19.422150882825,100,100
"404","Farmer","Nebraska",56.7,31.6,31.6,0,100,100,0,0,0,0,100,100
"405","Farmer","Nebraska",32.4,28.3,28.3,0,285.865724381625,0,0,28.6219081272085,0,0,28.6219081272085,0
"406","Farmer","Nebraska",493.7,493.7,493.7,0,0,0,0,0,0,0,0,0
"407","Farmer","Nebraska",404.7,404.7,404.7,23.9930812947863,48.0108722510502,0,0,0,0,0,23.9930812947863,0
"408","Decision influencer","Nebraska",NA,21.4,NA,NA,94.392523364486,NA,NA,0,NA,NA,0,NA
"409","Farmer","Nebraska",711.5,910.6,202.3,0,34.6694487151329,0,0,0,0,0,34.6694487151329,0
"410","Farmer","Nebraska",242.8,242.8,364.2,16.6803953871499,100,0,0,0,0,0,0,0
"411","Farmer","Nebraska",323.8,323.8,323.8,17.5108091414453,100,100,0,0,0,0,100,100
"412","Farmer","Nebraska",NA,202.3,202.3,NA,100,100,NA,100,100,NA,100,100
"413","Decision influencer","Nebraska",2023.5,2913.8,1618.8,9.99752903385224,69.4453977623722,87.4969112923153,0,10.4159516782209,37.4969112923153,5.00123548307388,69.4453977623722,112.496911292315
"414","Farmer","Nebraska",182.1,202.3,202.3,0,39.9901136925358,80.0296589223925,0,0,0,0,0,0
"415","Farmer","Nebraska",24.3,20.2,28.3,0,0,0,0,0,0,0,0,0
"416","Decision influencer","Nebraska",4046.9,4046.9,4856.3,20.0004942054412,60.0014826163236,83.3329901365237,20.0004942054412,60.0014826163236,83.3329901365237,20.0004942054412,60.0014826163236,83.3329901365237
"417","Farmer","Nebraska",242.8,182.1,242.8,36.6556836902801,100,100,0,0,0,36.6556836902801,48.8742449203734,100
"418","Farmer","Nebraska",127.9,111.3,97.1,0,100,0,0,0,0,0,0,0
"419","Farmer","Nebraska",404.7,364.2,404.7,70.0024709661478,100,100,70.0024709661478,100,100,70.0024709661478,100,100
"420","Farmer","Nebraska",809.4,809.4,809.4,24.9938225846306,50,100,0,0,0,24.9938225846306,50,100
"421","Farmer","Nebraska",163.9,159,163.9,49.359365466748,100,100,0,0,0,49.359365466748,100,100
"422","Farmer","Nebraska",809.4,728.5,768.9,19.0017296763034,94.4406314344544,100,100,100,100,19.0017296763034,94.4406314344544,100
"423","Farmer","Nebraska",1416.4,1416.4,1416.4,2.28748940977125,100,100,0,0,0,2.28748940977125,100,100
"424","Decision influencer","Nebraska",0,0,0,NA,NA,NA,NA,NA,NA,NA,NA,NA
"425","Decision influencer","Nebraska",NA,NA,NA,NA,NA,NA,NA,NA,NA,NA,NA,NA
"426","Decision influencer","Nebraska",809.4,809.4,1214.1,24.9938225846306,50,49.9958817230871,0,0,0,0,24.9938225846306,33.3333333333333
"427","Farmer","Nebraska",242.8,202.3,263.1,0,100,100,0,100,100,0,100,100
"428","Decision influencer","Nebraska",10117.4,10117.4,10117.4,20.0001976792457,100,100,0,4.00003953584913,5.99956510565956,20.0001976792457,1.99952556981043,4.00003953584913
"429","Farmer","Nebraska",202.3,202.3,202.3,0,0,100,0,0,0,0,0,0
"430","Farmer","Nebraska",202.3,202.3,202.3,0,0,100,0,0,0,0,0,0
"431","Farmer","Nebraska",101.2,101.2,101.2,59.9802371541502,100,100,59.9802371541502,100,100,0,51.9762845849802,100
"432","Decision influencer","Nebraska",4046.9,6070.4,6070.4,50.001235513603,93.3332235108065,100,50.001235513603,93.3332235108065,100,50.001235513603,93.3332235108065,100
"433","Farmer","Nebraska",255,283.3,255,0,0,0,0,0,0,0,0,0
"434","Farmer","Nebraska",445.2,728.5,688,0,61.1118737131091,105.886627906977,0,44.4474948524365,47.0639534883721,0,77.7762525737817,105.886627906977
"435","Farmer","Nebraska",255,283.3,242.8,0,0,0,0,0,0,0,0,0
"436","Farmer","Nebraska",445.2,445.2,445.2,63.6343216531896,100,100,0,0,0,63.6343216531896,100,100
"437","Farmer","Nebraska",16.2,16.2,16.2,0,100,100,0,100,100,0,100,100
"438","Farmer","Nebraska",202.3,182.1,202.3,0,0,0,0,0,0,0,0,0
"439","Decision influencer","Nebraska",NA,NA,NA,NA,NA,NA,NA,NA,NA,NA,NA,NA
"440","Decision influencer","Nebraska",NA,NA,NA,NA,NA,NA,NA,NA,NA,NA,NA,NA
"441","Farmer","Nebraska",607,607,607,0,13.32784184514,0.0658978583196046,0,0,0.0658978583196046,0,10,0.0658978583196046
"442","Farmer","Nebraska",0,194.3,202.3,NA,100,100,NA,0,0,NA,0,NA
"443","Decision influencer","Nebraska",2023.5,1618.8,809.4,5.00123548307388,75,100,0,0,0,2.99975290338522,50,100
"444","Farmer","Nebraska",263.1,202.3,242.8,0,100,100,0,100,100,0,100,100
"445","Farmer","Nebraska",263.1,202.3,242.8,0,100,100,0,100,100,0,100,100
"446","Decision influencer","Nebraska",14569,16187.8,14569,13.8890795524744,87.4998455627077,94.4443681790102,0,0,6.94419658178324,9.72201249227813,118.749922781354,138.88873635802
"447","Decision influencer","Nebraska",4046.9,4046.9,4046.9,10.0002471027206,80.0019768217648,90.0022239244854,10.0002471027206,80.0019768217648,90.0022239244854,4.9988880377573,80.0019768217648,90.0022239244854
"448","Farmer","Nebraska",70.8,70.8,70.8,0,0,34.3220338983051,0,0,0,0,0,0
"449","Farmer","Nebraska",424.9,485.6,445.2,0,50,100,0,16.659802306425,81.8059299191375,0,41.659802306425,81.8059299191375
"450","Farmer","Nebraska",303.5,303.5,303.5,0,0,0,0,0,0,NA,NA,NA
"451","Farmer","Nebraska",145.7,137.6,105.2,0,100,100,0,0,0,0,100,100
"452","Farmer","Nebraska",374.3,374.3,374.3,0,86.5081485439487,86.5081485439487,0,43.2540742719744,100,0,0,0
"453","Decision influencer","Nebraska",24281.7,24281.7,28328.6,0.83313771276311,0.33317271854936,0,0.83313771276311,0.33317271854936,0,0.83313771276311,0,0
"454","Decision influencer","Nebraska",4046.9,6070.4,6070.4,80.0019768217648,86.6664470216131,100,80.0019768217648,66.6661175540327,100,50.001235513603,53.3342119135477,9.99934106483922
"455","Farmer","Nebraska",163.9,206.4,127.5,0,0,0,0,0,0,0,0,0
"456","Farmer","Nebraska",364.2,404.7,202.3,0,0,0,0,0,0,0,0,0
"457","Farmer","Nebraska",16.2,16.2,16.2,0,0,0,0,0,0,0,0,0
"458","Decision influencer","Nebraska",3237.6,3237.6,3237.6,37.5,81.2484556461577,87.5,6.24845564615765,12.5,12.5,37.5,81.2484556461577,87.5
"459","Farmer","Nebraska",283.3,283.3,283.3,100,100,100,0,100,100,100,100,100
"460","Decision influencer","Nebraska",20234.7,26305.1,22258.2,0.800110700924649,61.5386369943471,90.9089683801925,0,3.07696986515923,36.3636772066025,0.800110700924649,61.5386369943471,72.727354413205
"461","Decision influencer","Nebraska",2023.5,4856.3,6070.4,0,83.3329901365237,86.6664470216131,0,66.6680394539052,53.3342119135477,0,108.333504931738,100
"462","Farmer","Nebraska",809.4,809.4,809.4,100,100,100,100,100,100,100,100,100
"463","Farmer","Nebraska",971.3,809.4,849.9,0,15.9995058067704,NA,0,0,0,0,15.9995058067704,NA
"464","Decision influencer","Nebraska",4046.9,4046.9,4046.9,4.9988880377573,60.0014826163236,80.0019768217648,0,0,0,0.80061281474709,20.0004942054412,50.001235513603
"465","Decision influencer","Nebraska",3237.6,3237.6,3237.6,5.00061774153694,25,37.5,5.00061774153694,25,37.5,5.00061774153694,25,37.5
"466","","Nebraska",NA,NA,NA,NA,NA,NA,NA,NA,NA,NA,NA,NA
"467","Farmer","Nebraska",40.5,60.7,60.7,0,100,100,0,0,0,0,100,100
"468","Decision influencer","Nebraska",4046.9,4046.9,4046.9,10.0002471027206,80.0019768217648,100,0,24.9993822431985,50.001235513603,10.0002471027206,50.001235513603,80.0019768217648
"469","Farmer","Nebraska",202.3,204,202.3,0,100,100,0,0,0,0,100,100
"470","Farmer","Nebraska",242.8,291.4,263.1,13.3443163097199,48.5929993136582,46.1421512732801,0,0,0,13.3443163097199,37.5085792724777,46.1421512732801
"471","","Nebraska",NA,NA,NA,NA,NA,NA,NA,NA,NA,NA,NA,NA
"472","Farmer","Nebraska",0,105.2,0,NA,100,NA,NA,0,NA,NA,100,NA
"473","Decision influencer","Nebraska",1.2,30.4,38.4,0,9984.21052631579,9485.15625,0,2662.5,3161.71875,0,5990.46052631579,6323.4375
"474","Farmer","Nebraska",0,17,0,NA,100,NA,NA,100,NA,NA,0,NA
"475","Decision influencer","Nebraska",4046.9,4856.3,8093.9,10.0002471027206,83.3329901365237,94.9999382250831,0,16.6670098634763,49.9993822508309,4.9988880377573,0,0
